<?xml version="1.0" encoding="UTF-8"?>
<!DOCTYPE struts PUBLIC
"-//Apache Software Foundation//DTD Struts Configuration 2.0//EN"
"http://struts.apache.org/dtds/struts-2.0.dtd">

<struts>
	<package name="default" extends="struts-default">
		<action name="register" class="strutsaction.RegisterAction">
			<result name="REGISTER">/register.jsp</result>
		</action>
		  <action name="login" class="strutsaction.LoginAction">  
			<result >login1.jsp</result>  
			</action>  
		  
  		<action name="loginprocess" class="strutsaction.LoginAction">  
		<result name="success"  >loginsuccess.jsp</result>  
		<result name="error" >loginerror.jsp</result>  
		</action>  
		  
		<action name="logout" class="strutsaction.LoginAction" method="logout">  
		<result name="success" >logoutsuccess.jsp</result>  
		</action>
		
		
	</package>
	
</struts>